,Priv Union Members (%),us_inf,prop_rep,change_prop_not_on_strike_indicator,Wage_Increase_Indicator,instrument_calc
58,6.6,2.8,52.59276288694691,0,1,1811185.133190057
59,6.5,3.0,52.59276288694691,0,0,794291.0208424
60,5.7,2.7,52.8232933866779,0,0,1656709.844779212
61,4.5,2.4,52.8232933866779,0,0,4130359.2656283844
62,4.5,2.3,60.890447336710395,0,1,1284136.5278637537
63,5.2,2.1,60.890447336710395,0,0,-1.04573957186021
64,4.0,2.4,43.799287572341115,1,0,33895513.99782411
65,4.5,2.6,43.799287572341115,0,0,-1361.3542399248558
66,4.0,2.4,41.22459594697476,0,0,632375.8111762
67,3.4,1.4,41.22459594697476,0,0,-218.06062454351724
68,3.2,1.8,45.22515895915404,0,0,119148.9744501
69,3.1,2.2,45.22515895915404,0,0,-238.2979489002
70,4.0,2.5,40.162199496468595,0,0,4413175.70416
71,3.4,2.3,40.162199496468595,0,1,-350.2520400126984
72,3.6,2.3,27.337098605934496,0,0,572822.4242601
73,2.8,1.7,27.337098605934496,0,0,-238.676010108375
74,2.7,1.0,56.24698853544324,0,0,0.0
75,2.5,1.7,56.24698853544324,0,0,310169.3743701
76,1.4,2.1,61.42175647895004,0,0,-238.59182643853848
77,2.1,1.8,61.42175647895004,0,0,0.0
78,2.9,1.7,61.353129830542755,0,0,0.0
79,2.8,1.8,61.353129830542755,0,1,1747758.0682023999
80,2.7,2.2,71.16146052179676,0,1,-264.8118285155152
81,3.9,1.8,71.16146052179676,0,1,0.0
82,4.1,2.1,62.5593445616655,0,0,13034579.4417421
83,4.3,2.2,62.5593445616655,0,1,16664229.903037671
84,3.6,1.7,70.2279811021913,0,1,-833.22597801793
86,5.0,2.8,59.381256316008255,0,0,-55.68938945994957
87,5.3,3.0,59.381256316008255,0,0,283.1511262920168
88,3.7,2.7,59.045255026739,0,0,-161.69945054695432
89,4.9,2.4,59.045255026739,0,0,354.3710593893244
90,4.3,2.3,57.14987357611236,0,0,-400.08855293658536
91,4.4,2.1,57.14987357611236,0,0,-335.4243806552381
92,4.2,2.4,58.31620789598651,0,0,215089527.7301568
93,3.3,2.6,58.31620789598651,0,0,-2053.403823805237
94,3.3,2.4,57.09326858673811,0,0,-468.6751620114286
95,3.4,1.4,57.09326858673811,0,0,124957.0689304
96,3.9,1.8,60.25242526496905,0,0,-449.0586676738462
97,3.9,2.2,60.25242526496905,0,0,1833.34695728
98,4.4,2.5,51.652278739577405,0,0,578.5049487518518
99,6.5,2.3,51.652278739577405,0,1,-454.5278467494737
100,7.0,2.3,47.39995565233284,1,1,865736.5648536051
101,3.6,1.7,47.39995565233284,0,1,-1146.0882704296773
102,3.6,1.0,53.02904051185264,0,0,1655319.3185336
103,3.9,1.7,53.02904051185264,0,1,5505.129753561073
104,3.2,2.1,52.07077476502507,0,1,18922939.597606823
105,2.9,1.8,52.07077476502507,0,1,-720.1130534310302
106,3.1,1.7,55.680453092559766,0,1,-167.81207846956522
107,3.3,1.8,55.680453092559766,0,1,-150.48148584190477
108,2.6,2.2,52.435797723443486,0,0,-312.6472574753218
109,1.8,1.8,52.435797723443486,0,1,5862986.871567746
110,2.4,2.1,48.659530938336886,1,1,29637773.67341661
111,3.4,2.2,48.659530938336886,0,1,-402.1326187229745
112,3.0,1.7,50.13436858697119,0,0,-946.7028987275942
114,11.1,2.8,48.8348850602294,0,0,0.0
115,11.0,3.0,48.8348850602294,1,0,27073359.2300292
116,10.4,2.7,45.26698238048557,1,0,555029.4786714654
117,10.0,2.4,45.26698238048557,1,1,-86.27343298959994
118,9.8,2.3,43.93918122913188,0,1,-468.9825222346
119,10.2,2.1,43.93918122913188,0,0,0.0
120,9.7,2.4,42.602878502563144,1,1,160739118.5311823
121,9.7,2.6,42.602878502563144,0,1,-1128.6444042266712
122,10.2,2.4,44.44035111237065,0,1,5210.779715726316
123,9.6,1.4,44.44035111237065,1,0,-469.1763293103652
124,9.4,1.8,43.28052222031903,0,0,0.0
125,9.7,2.2,43.28052222031903,1,0,8586204.2765092
126,9.0,2.5,39.95280493715904,1,0,-469.1914905196284
127,9.6,2.3,39.95280493715904,0,1,0.0
128,10.7,2.3,36.644562983243326,1,1,13877813.0366521
129,9.5,1.7,36.644562983243326,0,0,-1399.5226156053636
130,9.3,1.0,43.48520163978468,1,0,0.0
131,9.0,1.7,43.48520163978468,1,0,703356.4790692
132,8.9,2.1,37.1179899113079,1,0,9106578.13625522
133,8.9,1.8,37.1179899113079,0,0,-213.78044696184506
134,9.2,1.7,41.36994997911649,0,1,0.0
135,8.7,1.8,41.36994997911649,0,0,0.0
136,8.8,2.2,34.90403099205622,0,1,0.0
137,8.3,1.8,34.90403099205622,0,0,2821754.3578145998
138,8.3,2.1,32.61019184831378,1,1,39078541.54460487
139,8.8,2.2,32.61019184831378,1,1,9571101.568984892
140,9.6,1.7,33.72616077069754,0,1,-734.1118951193732
142,7.5,2.8,65.09155468649341,1,0,0.0
143,6.9,3.0,65.09155468649341,0,0,0.0
144,7.0,2.7,56.98980803408591,0,0,350497.6899615
145,6.7,2.4,56.98980803408591,0,1,-350.49768996150004
146,6.3,2.3,56.18024265607868,0,1,964363.0443941001
147,5.5,2.1,56.18024265607868,0,0,-267.2779588464881
148,6.0,2.4,59.65033173592662,1,0,87420041.18389821
149,6.2,2.6,59.65033173592662,0,0,-1036.1387185623435
150,5.4,2.4,53.89767860005955,0,0,0.0
151,5.2,1.4,53.89767860005955,0,0,0.0
152,5.2,1.8,48.64294503560795,0,0,0.0
153,5.3,2.2,48.64294503560795,0,0,7111570.1497926
154,5.0,2.5,40.534769505089976,0,0,4420243.047737126
155,5.6,2.3,40.534769505089976,0,1,-739.4239535058239
156,5.5,2.3,43.38453643546894,0,1,10284507.5523642
157,4.5,1.7,43.38453643546894,0,1,-1035.652279076298
158,3.8,1.0,50.13929598809405,0,0,0.0
159,4.9,1.7,50.13929598809405,0,1,0.0
160,4.9,2.1,46.67625387269801,0,1,0.0
161,5.0,1.8,46.67625387269801,0,1,0.0
162,7.4,1.7,49.9967258594619,0,1,0.0
163,6.5,1.8,49.9967258594619,0,1,0.0
164,6.9,2.2,47.70118729358216,0,1,0.0
165,7.1,1.8,47.70118729358216,0,1,0.0
166,8.1,2.1,42.9581157456438,1,1,0.0
167,6.0,2.2,42.9581157456438,0,1,0.0
168,5.0,1.7,43.5472282342533,0,0,0.0
170,11.9,2.8,47.24706243271631,0,0,255147.89992918907
171,11.6,3.0,47.24706243271631,0,0,96973.27569601723
172,9.4,2.7,42.26757369614512,0,0,-60.69691277495625
173,11.0,2.4,42.26757369614512,0,1,376495.47196193
174,10.9,2.3,46.315919610920545,0,1,538890.6733074596
175,10.0,2.1,46.315919610920545,0,0,-141.82622448499998
176,9.4,2.4,44.97095524137983,1,1,38284775.86999374
177,8.5,2.6,44.97095524137983,1,1,-581.560083691019
178,9.8,2.4,47.10176496928664,0,1,206670.06022030357
179,8.3,1.4,47.10176496928664,1,1,-64.6285601416
180,7.3,1.8,44.09023907812349,0,1,0.0
181,7.6,2.2,44.09023907812349,1,0,0.0
182,8.0,2.5,39.06948570769275,1,1,0.0
183,7.6,2.3,39.06948570769275,0,1,0.0
184,8.3,2.3,33.04866639299882,0,0,268259.50352411997
185,8.5,1.7,33.04866639299882,0,1,-206.35346424932305
186,8.3,1.0,40.236794523292,0,1,638244.142943
187,8.5,1.7,40.236794523292,0,0,-141.83203176511108
188,6.6,2.1,33.475013152408955,1,0,0.0
189,6.8,1.8,33.475013152408955,0,0,184280.76054299998
190,7.1,1.7,38.349048608568374,0,1,286864.3493604131
191,7.5,1.8,38.349048608568374,0,1,0.0
192,8.9,2.2,35.43473996354709,0,1,141552.86632312258
193,7.8,1.8,35.43473996354709,0,1,77372.14499967701
194,8.3,2.1,37.14248649087409,0,0,571636.9598310019
195,7.1,2.2,37.14248649087409,1,1,4402.763415873592
196,8.6,1.7,38.165699997800246,0,0,-125.37431760409308
226,10.3,2.8,70.73812356416147,0,0,168778.8547324249
227,8.7,3.0,70.73812356416147,0,0,75932.1866013104
228,8.4,2.7,69.54851572718313,0,1,10.72660977257587
229,8.4,2.4,69.54851572718313,0,1,534966.7392696415
230,9.1,2.3,66.3666225370993,0,1,536559.1321474212
231,10.2,2.1,66.3666225370993,0,0,-272.35906913285936
232,8.9,2.4,67.63954446452865,1,1,28599739.432355434
233,8.2,2.6,67.63954446452865,0,1,-414.84492257464376
234,7.4,2.4,72.06716140189575,0,0,-162.97081741201526
235,6.6,1.4,72.06716140189575,0,0,3121698.8567643
236,7.7,1.8,69.0862110126529,0,0,-158.00521590571427
237,7.0,2.2,69.0862110126529,0,0,330.027023545
238,5.8,2.5,57.17140654922247,0,0,2154057.270517315
239,7.2,2.3,57.17140654922247,0,1,1303844.3854638853
240,8.2,2.3,61.07996482097874,1,1,121980.99348698281
241,5.8,1.7,61.07996482097874,0,0,482.4022109867077
242,5.8,1.0,41.04293996780484,0,1,422886.97580518364
243,5.5,1.7,41.04293996780484,1,0,104.98100561757879
244,5.6,2.1,33.43744121383604,0,0,-178.3605506116909
245,5.2,1.8,33.43744121383604,0,0,177531.06996572998
246,4.8,1.7,36.761550317981836,0,1,1703187.6687342064
247,4.5,1.8,36.761550317981836,0,1,392204.6755128001
248,5.8,2.2,40.96386974373361,0,0,94757.86556523909
249,6.1,1.8,40.96386974373361,0,0,-272.30137630242405
250,5.9,2.1,35.54603004504773,0,0,648665.2179032799
251,4.4,2.2,35.54603004504773,0,1,866518.7731949426
252,4.5,1.7,40.22200831507158,0,0,-247.6631361307857
254,4.2,2.8,59.39827111807949,0,0,338319.7421836073
255,3.5,3.0,59.39827111807949,0,0,-668.7363093546667
256,3.8,2.7,56.25642978762493,0,0,3907885.3531326
257,3.2,2.4,56.25642978762493,0,0,901287.7073308984
258,3.2,2.3,45.97800813835701,0,0,-758.3070027236956
259,3.4,2.1,45.97800813835701,1,0,1292912.100028
260,3.3,2.4,56.90476570575629,1,0,3001815.096766666
261,3.5,2.6,56.90476570575629,0,0,-1693.0962000952368
262,2.8,2.4,57.38261715452067,0,0,3274515.0865517994
263,3.3,1.4,57.38261715452067,0,0,-1023.7047290651999
264,2.8,1.8,58.98355557237771,0,0,0.0
265,2.5,2.2,58.98355557237771,1,0,579712.5808242
266,2.3,2.5,56.668303068552085,1,1,5303959.854356152
267,2.5,2.3,56.668303068552085,0,1,1044297.3813540589
268,2.3,2.3,51.099286986129144,0,1,-282.4848107138919
269,2.0,1.7,51.099286986129144,0,1,0.0
270,2.3,1.0,58.709006643660736,0,1,0.0
271,2.8,1.7,58.709006643660736,0,0,0.0
272,2.4,2.1,50.92839110639784,0,1,0.0
273,2.3,1.8,50.92839110639784,0,1,0.0
274,2.5,1.7,54.28472485770399,0,1,0.0
275,3.3,1.8,54.28472485770399,0,1,0.0
276,2.5,2.2,53.56344709421046,0,0,0.0
277,2.7,1.8,53.56344709421046,0,1,0.0
278,2.4,2.1,52.34533175341951,0,1,62700536.133799195
279,3.0,2.2,52.34533175341951,1,1,38280566.63216132
280,3.6,1.7,52.262520318133475,0,0,-2068.8531679928465
338,9.4,2.8,57.30648266943318,1,0,-703.2912950844827
339,8.6,3.0,57.30648266943318,1,0,585826.5031185218
340,8.8,2.7,54.12905847806135,0,0,650103.0450147495
341,9.6,2.4,54.12905847806135,0,1,4537817.912836079
342,9.2,2.3,61.25972992147227,1,1,1863803.4712011954
343,10.0,2.1,61.25972992147227,0,0,-122.82806935214364
344,10.5,2.4,56.21936557847036,1,0,36836061.2263151
345,10.0,2.6,56.21936557847036,0,0,-1023.5049305264922
346,7.6,2.4,53.95715281714203,0,0,-541.2203934463998
347,7.8,1.4,53.95715281714203,0,0,2089.9589658453
348,7.2,1.8,56.4171583247666,1,0,383074.23696332995
349,7.3,2.2,56.4171583247666,0,0,164349.20708434188
350,7.3,2.5,50.57092047191575,0,0,7262934.143334325
351,6.2,2.3,50.57092047191575,0,0,-714.9371301299934
352,6.6,2.3,47.12091385720273,0,1,629471.2294377055
353,6.9,1.7,47.12091385720273,0,0,-819.7213698022597
354,7.1,1.0,53.98688404297523,0,0,74492.8880163
355,6.5,1.7,53.98688404297523,1,0,836409.6300106
356,5.5,2.1,47.272373538324196,1,0,-519.8589207500177
357,6.4,1.8,47.272373538324196,0,0,204785.69647556343
358,6.9,1.7,53.18637120715787,0,0,-226.53066851742858
359,5.7,1.8,53.18637120715787,0,0,46822.93348382424
360,5.1,2.2,53.65380999039956,0,0,7486264.2566336505
361,4.1,1.8,53.65380999039956,0,0,-557.7785618407918
362,5.2,2.1,46.50734288891184,0,0,2416409.7687963
363,4.0,2.2,46.50734288891184,0,0,9067380.167335546
364,3.8,1.7,50.546031566788294,0,0,1054767.5639651606
394,15.4,2.8,51.79635013715731,0,0,1561462.3035888479
395,15.4,3.0,51.79635013715731,0,0,39.00694733184409
396,15.4,2.7,43.915843711827144,0,0,413858.5088459497
397,14.6,2.4,43.915843711827144,0,1,3634548.8737547863
398,14.5,2.3,50.52645787497255,1,1,1797435.6229955857
399,13.9,2.1,50.52645787497255,1,0,330.18481484221456
400,14.1,2.4,43.4141096209079,1,0,32168173.954745002
401,13.7,2.6,43.4141096209079,0,0,-962.5119698005965
402,15.1,2.4,48.32654639536023,0,0,-264.5905577810625
403,12.9,1.4,48.32654639536023,1,0,5633855.028821601
404,12.1,1.8,45.536751816367705,0,1,120198.36703159507
405,11.8,2.2,45.536751816367705,1,1,-470.043286102
406,11.1,2.5,41.78109072603945,1,0,4235024.6718738
407,9.7,2.3,41.78109072603945,0,1,-64.1412309513889
408,11.0,2.3,37.36852384486476,1,1,857541.5183038311
409,10.9,1.7,37.36852384486476,0,1,-636.9562541850623
410,9.5,1.0,46.53522751591584,0,1,95357.35582750001
411,10.6,1.7,46.53522751591584,1,0,619202.8421448667
412,9.3,2.1,43.64887202451972,0,0,-528.7518197875386
413,10.0,1.8,43.64887202451972,0,0,-264.5523718151539
414,9.1,1.7,48.25852115553747,1,0,0.0
415,9.6,1.8,48.25852115553747,0,0,2712366.9777581
416,9.7,2.2,45.73717221692608,1,0,-744.421007106453
417,9.8,1.8,45.73717221692608,0,0,0.0
418,8.7,2.1,38.646770802677885,0,0,11673626.7696754
419,8.9,2.2,38.646770802677885,1,1,-297.02290341461855
420,8.5,1.7,41.12648356194057,0,0,-272.17371387649416
534,9.4,2.8,29.99245581643397,0,0,-124.30033044651164
535,9.3,3.0,29.99245581643397,0,0,67473.54898997105
536,9.0,2.7,32.392857750939875,0,1,-237.63027859814997
537,9.2,2.4,32.392857750939875,0,1,262258.76267192
538,9.9,2.3,23.683495880299905,0,0,273534.2346329742
539,10.3,2.1,23.683495880299905,0,0,-195.40596634157143
540,7.9,2.4,12.564064299122302,1,1,24492937.74870873
541,8.7,2.6,12.564064299122302,0,1,-405.82070158943236
542,7.6,2.4,13.082943675838592,1,0,605931.3022952278
543,7.9,1.4,13.082943675838592,0,0,906020.9914618363
544,7.7,1.8,14.86748728844679,0,0,14.685634204271892
545,7.4,2.2,14.86748728844679,0,0,122821.11169030982
546,8.2,2.5,8.848689854646175,0,0,-47.8806817775918
547,7.6,2.3,8.848689854646175,0,1,316.4324970789197
548,7.8,2.3,10.263020082210897,1,1,-174.71577995608698
549,8.8,1.7,10.263020082210897,0,0,-175.59200488163265
550,7.0,1.0,36.34048254359325,0,0,1564.3651344
551,7.1,1.7,36.34048254359325,0,0,-195.50218721293334
552,7.4,2.1,21.909361107168028,0,0,1370489.12429312
553,6.8,1.8,21.909361107168028,0,0,-64.64571341005284
554,5.7,1.7,14.1119239213294,0,0,224585.6594815
555,6.3,1.8,14.1119239213294,0,1,0.0
556,6.4,2.2,13.35151137933249,0,1,195217.9869467403
557,5.9,1.8,13.35151137933249,1,1,156.43651344
558,7.2,2.1,20.037696960380767,0,0,22694.633911453333
559,6.6,2.2,20.037696960380767,1,1,1554136.499389883
560,6.4,1.7,19.108803842531653,0,0,-106.95132853173763
562,10.8,2.8,50.746539407154856,0,0,247146.63207299839
563,9.1,3.0,50.746539407154856,1,0,-269.48303815327404
564,8.2,2.7,46.4947582576125,1,0,-136.69708697902678
565,8.7,2.4,46.4947582576125,0,1,409972.86621019995
566,8.3,2.3,45.47582242633613,0,1,556979.24723658
567,8.8,2.1,45.47582242633613,0,0,-274.1504396785072
568,7.8,2.4,44.442702894594255,1,0,25610860.896522216
569,7.8,2.6,44.442702894594255,0,0,-351.2199057895609
570,8.6,2.4,45.38033274406264,0,0,-136.98825356554306
571,9.2,1.4,45.38033274406264,0,0,2392169.1183102
572,6.0,1.8,39.77031488515744,0,0,-121.07996810857142
573,7.4,2.2,39.77031488515744,0,0,252.90090113
574,7.5,2.5,32.145624094022935,0,0,1593538.9145244155
575,7.2,2.3,32.145624094022935,0,1,999146.1902045636
576,6.6,2.3,30.526567363984576,0,0,268578.1925221581
577,7.3,1.7,30.526567363984576,0,1,234.97139171042306
578,6.1,1.0,36.935433685096235,0,1,618555.0283892872
579,6.6,1.7,36.935433685096235,0,0,207968.45766250402
580,5.5,2.1,33.20059376974946,0,0,-205.9961525807318
581,5.2,1.8,33.20059376974946,1,0,178616.71785299998
582,5.2,1.7,41.361403187364694,0,0,327049.30375356844
583,4.6,1.8,41.361403187364694,0,1,300594.6595041125
584,5.6,2.2,35.5309676502034,0,1,138005.76323251816
585,4.9,1.8,35.5309676502034,0,0,-274.057997297816
586,5.8,2.1,32.27765821566672,0,1,738019.6903321999
587,4.6,2.2,32.27765821566672,1,1,478032.96200899413
588,6.3,1.7,34.803345779017455,0,0,-136.6641317457714
590,8.6,2.8,46.565989539711495,0,0,-250.02688668362686
591,8.4,3.0,46.565989539711495,0,0,447999.74664900004
592,9.1,2.7,35.21340446815605,0,0,-279.999841655625
593,8.3,2.4,35.21340446815605,0,1,1736804.5212490002
594,7.6,2.3,30.112916804365184,0,1,-225.94754112903226
595,9.1,2.1,30.112916804365184,0,0,0.0
596,8.0,2.4,31.866747911572542,1,0,67029165.44179769
597,6.8,2.6,31.866747911572542,0,0,-581.0998982801921
598,7.2,2.4,41.54704074751562,0,1,799643.0972085212
599,6.7,1.4,41.54704074751562,0,1,4372253.962514466
600,5.9,1.8,39.87884693371784,0,0,-312.3217106127928
601,5.6,2.2,39.87884693371784,0,1,593141.2956890999
602,5.3,2.5,30.446059543024546,0,1,279.46570291052626
603,5.1,2.3,30.446059543024546,0,1,-312.2572586719722
604,5.5,2.3,39.17724380052978,0,1,324833.4084003
605,5.1,1.7,39.17724380052978,0,1,-249.87185261561538
606,5.1,1.0,43.97308139370056,0,1,0.0
607,4.6,1.7,43.97308139370056,0,0,0.0
608,5.4,2.1,36.70625966882089,0,0,6621380.899059099
609,4.9,1.8,36.70625966882089,0,0,-312.32928769146696
610,4.4,1.7,36.96474531439426,1,0,324407.3393156
611,4.6,1.8,36.96474531439426,1,0,0.0
612,4.5,2.2,46.311743030830705,0,0,-190.82784665623527
613,5.1,1.8,46.311743030830705,0,1,299826.9874303
614,5.8,2.1,39.702353454470796,0,1,150864.26006318
615,5.5,2.2,39.702353454470796,0,1,7516075.252947524
616,6.4,1.7,41.07617363169364,1,0,-842.5326676967593
618,18.3,2.8,51.01719105156916,1,0,2578559.764104528
619,18.4,3.0,51.01719105156916,0,0,-344.4257052318075
620,18.3,2.7,45.37652649620888,0,0,294081.91143754957
621,18.1,2.4,45.37652649620888,0,0,2689.9526759116975
622,16.7,2.3,48.17992431411551,1,1,1745735.9046372129
623,17.0,2.1,48.17992431411551,1,0,2457.721094221441
624,15.7,2.4,43.90981064757252,1,0,2754447.672352306
625,16.3,2.6,43.90981064757252,0,0,-1159.1734648197278
626,15.7,2.4,48.24043480523068,0,0,-787.7548680523637
627,16.6,1.4,48.24043480523068,0,0,6432673.4697473
628,15.9,1.8,49.41549175193557,0,0,25160.063018963527
629,14.4,2.2,49.41549175193557,0,0,219278.60274847335
630,13.7,2.5,44.56048196233792,1,0,3299516.927013097
631,13.9,2.3,44.56048196233792,0,1,1149058.6387198207
632,13.1,2.3,43.94989076411076,1,1,-94.48629981061777
633,12.2,1.7,43.94989076411076,0,1,-975.3641366259345
634,11.1,1.0,52.32421912290866,0,0,67980.43847400001
635,11.9,1.7,52.32421912290866,0,0,1212504.0540240998
636,11.3,2.1,45.61687147731227,0,0,-554.6663091577565
637,11.0,1.8,45.61687147731227,0,0,-595.0820649545954
638,9.9,1.7,47.47564069905683,0,1,88.735233425
639,11.1,1.8,47.47564069905683,1,0,4489964.144233047
640,10.1,2.2,48.029279122568326,0,1,8943386.97111442
641,11.3,1.8,48.029279122568326,0,1,-665.403514807768
642,11.0,2.1,44.611106979247374,1,1,8229839.4387777
643,9.8,2.2,44.611106979247374,1,1,12155549.187180802
644,11.1,1.7,48.27242151226043,0,0,-628.899181089489
646,12.5,2.8,48.44184776236355,0,0,1729223.6888247
647,12.2,3.0,48.44184776236355,1,0,193.76948079152544
648,12.9,2.7,41.79438225755832,0,0,736095.9053621863
649,13.5,2.4,41.79438225755832,0,0,-664.8368399004
650,11.6,2.3,42.310783029834724,1,1,1685353.5932901
651,12.8,2.1,42.310783029834724,1,0,-957.9460441126935
652,12.3,2.4,42.025427522001166,1,0,2179968.3019297
653,11.5,2.6,42.025427522001166,0,0,-417.3755921695122
654,10.8,2.4,46.76572624564074,0,0,-292.9552337716875
655,10.1,1.4,46.76572624564074,0,0,0.0
656,11.1,1.8,45.41656424834505,1,0,17295.1682727
657,9.7,2.2,45.41656424834505,1,0,-288.252804545
658,9.7,2.5,42.43446686376249,1,1,8383969.3307554005
659,9.6,2.3,42.43446686376249,1,0,-665.3943913297936
660,9.4,2.3,38.14349746343949,0,0,0.0
661,8.5,1.7,38.14349746343949,0,0,0.0
662,8.4,1.0,46.43136440839699,0,0,71368.565645
663,7.8,1.7,46.43136440839699,0,0,775812.2995252333
664,7.7,2.1,43.02325705387429,0,0,-238.59537865800002
665,8.4,1.8,43.02325705387429,1,0,-595.4322307091538
666,8.0,1.7,46.52512631529091,0,1,0.0
667,8.0,1.8,46.52512631529091,0,1,45112.571595
668,8.3,2.2,46.66075138731131,1,0,-237.43458734210526
669,9.2,1.8,46.66075138731131,0,1,0.0
670,8.9,2.1,43.67616402974626,0,1,2315062.602645
671,7.4,2.2,43.67616402974626,0,1,-238.66624769536082
672,7.5,1.7,46.17746396230958,1,0,0.0
674,13.7,2.8,47.23757422124654,0,0,2965411.7734583598
675,12.9,3.0,47.23757422124654,0,0,48.629348845557274
676,13.5,2.7,39.378612033779426,0,0,-762.9969141333177
677,13.1,2.4,39.378612033779426,1,1,-209.98001643566664
678,12.0,2.3,47.606634875139704,0,1,1026643.7460606999
679,13.1,2.1,47.606634875139704,0,0,58.84463552335714
680,12.1,2.4,48.83179378344028,1,0,33798283.34551078
681,11.7,2.6,48.83179378344028,0,0,-1267.5734072679882
682,11.1,2.4,53.18972163341628,0,0,-469.9337524789943
683,10.8,1.4,53.18972163341628,0,0,1891.0808685
684,10.9,1.8,53.60909898414824,1,0,15290.44831245
685,9.8,2.2,53.60909898414824,0,0,6011706.986056745
686,9.4,2.5,50.03266069778508,0,0,251.32797281383745
687,8.7,2.3,50.03266069778508,0,1,-439.6019921257682
688,9.3,2.3,46.5364326007165,1,1,7810678.142469756
689,8.0,1.7,46.5364326007165,0,1,-531.3781380651762
690,8.5,1.0,57.442826089786145,0,1,0.0
691,9.2,1.7,57.442826089786145,1,0,732686.5861198
692,7.2,2.1,54.69509323965769,0,0,-6.868877752679537
693,7.3,1.8,54.69509323965769,0,1,-355.87361392845787
694,6.5,1.7,58.773135862435964,0,1,52.530024125
695,6.6,1.8,58.773135862435964,0,1,-209.95200042279998
696,7.6,2.2,58.199200822958176,0,0,5294816.311703499
697,7.5,1.8,58.199200822958176,0,1,-210.11175840093253
698,6.4,2.1,55.035058114556946,0,1,15194381.9100651
699,8.2,2.2,55.035058114556946,0,1,7196065.5320971655
700,6.4,1.7,57.97974790653594,0,0,-188.64796985036494
730,12.0,2.8,42.23262233303894,0,0,508565.7426825
731,9.3,3.0,42.23262233303894,0,0,5447.100547249999
732,9.1,2.7,52.41379139817914,0,0,303897.35895996244
733,7.2,2.4,52.41379139817914,0,1,204.71189439069997
734,8.2,2.3,53.00783288242231,0,1,-508.82028009125
735,9.9,2.1,53.00783288242231,0,0,5654293.9979725
736,8.2,2.4,51.49992326823719,0,0,4903.7635463179695
737,7.3,2.6,51.49992326823719,0,0,-482.7823022872287
738,7.2,2.4,64.6201116138126,1,0,367.20150770491796
739,7.7,1.4,64.6201116138126,0,0,-509.0263341840476
740,5.5,1.8,64.39817211804696,0,0,152213.3704325
741,5.7,2.2,64.39817211804696,0,0,-507.37790144166667
742,5.5,2.5,58.879409048938136,0,0,0.0
743,6.0,2.3,58.879409048938136,0,0,2035790.1951825
744,5.9,2.3,64.14431274693283,0,0,-356.35237225
745,6.5,1.7,64.14431274693283,0,0,296.9603102083333
746,5.6,1.0,60.41388573601117,0,0,-508.8068833855263
747,5.4,1.7,60.41388573601117,0,0,1527676.6026591
748,5.8,2.1,53.25134447825906,0,0,-508.8068833855263
749,6.4,1.8,53.25134447825906,0,0,559041.7294138641
750,5.7,1.7,55.40529890233529,0,1,0.0
751,6.3,1.8,55.40529890233529,0,1,13189.665726136363
752,6.4,2.2,56.191528284015746,0,0,-509.05761902643576
753,5.8,1.8,56.191528284015746,0,1,0.0
754,5.7,2.1,50.882298714764055,0,1,712195.6696825
755,5.3,2.2,50.882298714764055,0,1,145.44994785714292
756,5.6,1.7,56.3863549838822,0,0,1696.9160583333332
758,3.5,2.8,57.114891795062306,0,1,-574.3957726078784
759,2.5,3.0,57.114891795062306,0,0,307905.79130734364
760,2.6,2.7,53.29197068676051,0,0,223958.01487022726
761,2.8,2.4,53.29197068676051,0,0,325828.5230183379
762,2.8,2.3,53.26057611197427,0,1,583937.6251958678
763,1.9,2.1,53.26057611197427,1,0,0.0
764,2.4,2.4,54.49334484495287,1,0,13511747.779008728
765,2.3,2.6,54.49334484495287,0,0,-757.5561276253774
766,2.1,2.4,53.87489868096994,1,0,1429361.4125516312
767,2.1,1.4,53.87489868096994,0,0,-111.70821775
768,1.6,1.8,51.07221619474075,0,0,-223.34661786390623
769,1.8,2.2,51.07221619474075,0,0,0.0
770,1.8,2.5,47.08827457430102,1,0,1434694.2113098002
771,2.0,2.3,47.08827457430102,0,1,-138.75185796032883
772,2.0,2.3,45.1121007294501,0,0,0.0
773,1.5,1.7,45.1121007294501,0,1,0.0
774,1.8,1.0,54.1178021512468,0,1,0.0
775,1.6,1.7,54.1178021512468,0,0,0.0
776,1.8,2.1,48.74800187586448,0,0,0.0
777,1.6,1.8,48.74800187586448,0,0,224118.27121789998
778,1.2,1.7,55.39049529237556,0,0,5553396.839034578
779,1.8,1.8,55.39049529237556,0,0,491027.01549287926
780,1.7,2.2,53.220579594290086,0,0,0.0
781,2.3,1.8,53.220579594290086,0,0,-223.31488257477272
782,2.0,2.1,50.3924848621171,1,0,7969247.9960373
783,1.2,2.2,50.3924848621171,0,0,6500434.53457368
784,1.8,1.7,49.41248712500552,0,0,-645.7077644954858
814,6.6,2.8,64.01991719855702,0,0,1930762.2671415445
815,5.0,3.0,64.01991719855702,0,0,154.43364522771685
816,5.1,2.7,68.1105466344022,1,0,-502.68670501598984
817,5.9,2.4,68.1105466344022,0,0,-350.7984172802143
818,6.1,2.3,74.67045910422677,1,1,769893.0526676001
819,4.7,2.1,74.67045910422677,0,0,-279.2718664690715
820,4.6,2.4,71.224367598683,0,0,50146273.6652401
821,5.1,2.6,71.224367598683,0,0,-773.4243865112926
822,4.9,2.4,81.64997235202,0,0,-327.0912734041875
823,4.4,1.4,81.64997235202,0,0,0.0
824,5.0,1.8,67.33775876764116,0,0,19310.4541647
825,4.5,2.2,67.33775876764116,0,0,4080736.859768155
826,4.4,2.5,56.061782927659884,1,0,-56.05988807978141
827,3.9,2.3,56.061782927659884,0,0,-223.0045802051752
828,4.2,2.3,65.83883373441768,0,1,5419183.8552709
829,4.2,1.7,65.83883373441768,0,1,-223.0116812868683
830,4.8,1.0,67.54993347695172,0,1,0.0
831,3.8,1.7,67.54993347695172,0,0,957190.7062257
832,3.4,2.1,64.24160048672194,0,0,0.0
833,4.2,1.8,64.24160048672194,0,0,-736.3005432505386
834,3.8,1.7,63.64087912908707,0,0,0.0
835,4.5,1.8,63.64087912908707,0,1,0.0
836,3.7,2.2,70.73208789926242,0,1,0.0
837,4.4,1.8,70.73208789926242,0,0,0.0
838,3.7,2.1,62.029228936072464,0,0,22103107.076961502
839,4.6,2.2,62.029228936072464,0,0,-329.1293432595238
840,4.6,1.7,62.17308440047679,0,0,-350.7585773362821
842,5.4,2.8,58.22266035327009,0,0,-98.74297206298209
843,6.3,3.0,58.22266035327009,0,0,221228.84837820003
844,4.8,2.7,50.301016427041965,0,0,-138.268030236375
845,4.9,2.4,50.301016427041965,0,1,857659.5566582001
846,5.6,2.3,59.89455383801353,0,1,-111.57621112903226
847,5.5,2.1,59.89455383801353,0,0,0.0
848,6.3,2.4,54.525770210898685,1,0,34169753.910602316
849,4.8,2.6,54.525770210898685,0,0,-312.05452749523863
850,4.5,2.4,57.45879402764279,0,0,315772.31226057804
851,4.7,1.4,57.45879402764279,0,0,2150503.394739265
852,4.8,1.8,60.780335376615724,0,0,-153.61443725639285
853,4.0,2.2,60.780335376615724,0,0,291734.65453949996
854,4.4,2.5,47.08954501091468,0,0,137.4543146578947
855,3.8,2.3,47.08954501091468,0,0,-153.5827367748611
856,4.0,2.3,43.667759744302856,0,1,128286.26791398
857,4.5,1.7,43.667759744302856,0,1,-98.68174454921538
858,4.4,1.0,51.19423193644992,0,0,0.0
859,4.4,1.7,51.19423193644992,0,0,0.0
860,4.2,2.1,45.66657288223019,0,0,3256705.0771894995
861,3.4,1.8,45.66657288223019,0,0,-153.61816401837262
862,3.6,1.7,48.31967894868169,0,0,381535.72802782
863,3.8,1.8,48.31967894868169,0,0,0.0
864,3.5,2.2,44.103850281858996,0,0,-224.4327811928353
865,4.6,1.8,44.103850281858996,0,0,118410.49671198
866,4.9,2.1,43.62481252540544,0,0,74513.821842988
867,5.2,2.2,43.62481252540544,0,0,3696369.3652475937
868,4.3,1.7,44.98082840597534,0,0,705184.4388362368
870,15.6,2.8,54.42333510879172,1,1,-230.5059346881185
871,14.4,3.0,54.42333510879172,0,0,151143.58250131345
872,15.0,2.7,49.550875455473815,0,0,203.71936314827306
873,14.9,2.4,49.550875455473815,0,0,513653.04660586576
874,15.3,2.3,47.280209354063835,1,0,336798.5997482866
875,13.4,2.1,47.280209354063835,0,0,-171.27231382760868
876,13.1,2.4,46.32068516745515,1,1,39028421.60381443
877,12.7,2.6,46.32068516745515,0,0,-411.9207510974852
878,11.7,2.4,46.557155098628705,0,0,-279.2824286367422
879,11.7,1.4,46.557155098628705,0,0,4983476.5785535
880,11.6,1.8,46.11783187881611,0,0,-293.5737474459286
881,11.8,2.2,46.11783187881611,0,0,269715.79445107497
882,11.2,2.5,42.26689878512195,0,1,-44.336536370263175
883,10.1,2.3,42.26689878512195,0,1,1252040.2655945437
884,10.3,2.3,42.519735426035055,1,0,121986.82759059494
885,10.5,1.7,42.519735426035055,0,0,459.47716941747683
886,9.0,1.0,49.74108967639273,1,1,-90.32030991818182
887,8.7,1.7,49.74108967639273,0,0,282147.0816753377
888,8.5,2.1,43.58384387975055,0,0,3007100.2935086074
889,8.7,1.8,43.58384387975055,1,0,109723.23748767721
890,8.9,1.7,48.1652496891068,0,1,3199941.0349282585
891,7.8,1.8,48.1652496891068,0,1,376529.29596306954
892,8.3,2.2,44.51321293409688,1,0,801.9820622045454
893,8.6,1.8,44.51321293409688,0,1,-171.28343572884
894,7.8,2.1,38.68226567998702,1,1,0.0
895,8.0,2.2,38.68226567998702,0,1,4485076.056806499
896,8.3,1.7,41.576336877495955,0,0,-450.5698038366012
898,5.7,2.8,57.07857817523245,0,1,2080416.0159675959
899,5.7,3.0,57.07857817523245,0,0,-56.12783431764707
900,5.3,2.7,47.589791284842846,0,0,-654.3564818663809
901,5.7,2.4,47.589791284842846,0,0,-318.01229098174286
902,6.6,2.3,49.45387691133035,0,0,619289.5332435
903,6.6,2.1,49.45387691133035,0,0,-442.34966660250006
904,5.5,2.4,46.64008006617715,1,0,168094376.3761525
905,5.3,2.6,46.64008006617715,0,0,-1712.705905512032
906,3.5,2.4,40.078629470051084,0,0,0.0
907,4.8,1.4,40.078629470051084,0,0,238596.8966535
908,3.4,1.8,48.16334387312407,0,1,-441.8461049138889
909,3.4,2.2,48.16334387312407,0,0,0.0
910,4.9,2.5,44.168965787653896,0,0,3806483.7000435
911,3.8,2.3,44.168965787653896,0,0,-252.21659265697676
912,4.1,2.3,39.41767763447038,1,1,1005367.2824596784
913,3.1,1.7,39.41767763447038,0,1,-1193.431860102923
914,2.6,1.0,48.41775175102363,0,0,-436.05890341791047
915,2.9,1.7,48.41775175102363,0,0,0.0
916,2.8,2.1,44.80792074038298,0,0,0.0
917,2.3,1.8,44.80792074038298,0,0,0.0
918,3.4,1.7,46.99141408714848,0,0,575022.9475935
919,3.8,1.8,46.99141408714848,0,0,1425.724570127308
920,2.8,2.2,43.98315143963924,0,0,-442.5851811115364
921,3.6,1.8,43.98315143963924,0,0,0.0
922,4.1,2.1,38.179258658812564,0,0,68030941.7944383
923,3.6,2.2,38.179258658812564,0,1,795260.4331117118
924,3.6,1.7,45.12484452529867,0,0,-492.19204756211286
926,14.5,2.8,57.423976133943455,0,0,-50.90130128571429
927,16.5,3.0,57.423976133943455,0,0,21761968.58425535
928,15.8,2.7,55.31131540624965,0,0,361176.9126959691
929,15.5,2.4,55.31131540624965,0,1,381.0589538391977
930,14.1,2.3,67.1383083848772,0,1,-554.2578199464328
931,16.0,2.1,67.1383083848772,0,0,-148.6317997542857
932,13.8,2.4,56.401995728309586,1,0,93225931.13163954
933,13.6,2.6,56.401995728309586,0,0,-850.942083166055
934,12.2,2.4,59.99764871386641,0,0,3980.7936548332327
935,11.9,1.4,59.99764871386641,0,0,54993.30744269934
936,10.0,1.8,53.158132147635996,0,0,-198.98493317999998
937,12.0,2.2,53.158132147635996,0,0,6902479.556626019
938,12.5,2.5,45.28614696247741,0,0,-120.79567364016395
939,12.8,2.3,45.28614696247741,0,1,-201.40841214
940,13.9,2.3,42.22915616116197,0,1,11106570.315226533
941,12.7,1.7,42.22915616116197,0,1,-1300.3673198168863
942,10.8,1.0,50.85018526212741,0,0,733497.9317873999
943,10.8,1.7,50.85018526212741,0,1,567803.5871263023
944,11.1,2.1,46.956894125959444,1,0,-213.16101851900697
945,11.0,1.8,46.956894125959444,0,0,-122.26503802480558
946,11.9,1.7,56.1333237570648,0,0,-74.36016187826087
947,11.2,1.8,56.1333237570648,0,0,-66.68070468428571
948,9.7,2.2,46.18501488645773,0,0,-138.53889951595846
949,9.7,1.8,46.18501488645773,1,0,-16.897710792528517
950,11.1,2.1,45.76799538705252,0,0,35983129.16573262
951,11.6,2.2,45.76799538705252,0,0,7693300.058206477
952,9.6,1.7,46.75595508137683,0,0,-832.1899230326845
954,17.9,2.8,37.428013406692976,0,0,351882.5146317905
955,17.6,3.0,37.428013406692976,0,0,-165.92233302438893
956,16.0,2.7,31.70265055984735,0,0,-185.041451252125
957,16.0,2.4,31.70265055984735,0,0,554964.0874876
958,15.4,2.3,32.214358419683045,1,0,743910.3757100201
959,15.1,2.1,32.214358419683045,0,0,-380.7254754652856
960,15.3,2.4,32.1710351727437,1,0,68523855.3527658
961,16.7,2.6,32.1710351727437,0,1,-562.0929981851922
962,15.8,2.4,32.45624503165171,1,0,625185.1253757888
963,14.8,1.4,32.45624503165171,1,0,5623147.061581714
964,15.1,1.8,29.663660545264154,1,0,-334.2695758991357
965,16.1,2.2,29.663660545264154,1,1,323895.04838583997
966,14.7,2.5,24.75808036231462,0,1,-32.571472501333346
967,15.8,2.3,24.75808036231462,1,1,1352543.0643998368
968,14.4,2.3,23.312728104878026,0,0,508146.21429598506
969,14.0,1.7,23.312728104878026,0,0,206.85417888299997
970,13.7,1.0,33.9250655740912,1,1,880600.1066873618
971,13.5,1.7,33.9250655740912,0,0,10.691007102552163
972,13.3,2.1,27.36766504560774,0,0,3611712.7318809023
973,15.1,1.8,27.36766504560774,0,0,254114.19829861945
974,14.9,1.7,31.956957383082084,0,1,276819.97829217394
975,15.9,1.8,31.956957383082084,0,1,406924.3175676
976,14.8,2.2,27.446383571221894,1,1,196261.76076971443
977,15.0,1.8,27.446383571221894,1,1,234078.6312677731
978,13.2,2.1,27.562331968827337,0,1,743552.48369882
979,12.7,2.2,27.562331968827337,1,1,4739640.345310283
980,12.6,1.7,31.03189927368799,1,0,-550.8936992593626
982,14.8,2.8,58.373315984106775,0,0,-571.2742966099928
983,14.6,3.0,58.373315984106775,0,0,-568.5658951084583
984,15.1,2.7,49.92885930039095,0,0,161734.4990495205
985,14.4,2.4,49.92885930039095,1,0,797110.8678149342
986,14.5,2.3,51.925144765493684,0,0,357879.40362172
987,13.4,2.1,51.925144765493684,0,0,1182.416335959762
988,12.3,2.4,48.755604642753234,1,0,38293885.67117577
989,12.4,2.6,48.755604642753234,0,0,-661.0212315596178
990,11.6,2.4,56.22362471710941,0,0,1038874.0288059
991,11.2,1.4,56.22362471710941,1,0,9474834.26400795
992,10.5,1.8,51.12605252120862,0,0,-630.7515045223669
993,10.8,2.2,51.12605252120862,0,0,491.81565574000007
994,9.3,2.5,47.21782189465553,0,0,3211502.7204525014
995,9.0,2.3,47.21782189465553,1,1,1943357.9716508193
996,9.3,2.3,46.35914363438115,0,1,302330.04453286825
997,8.9,1.7,46.35914363438115,0,1,439.42123423781777
998,8.4,1.0,53.67131870815006,0,0,-140.17350384727274
999,8.6,1.7,53.67131870815006,0,1,296.52087352307694
1000,8.4,2.1,50.95621927584039,1,1,-265.79796470901823
1001,7.6,1.8,50.95621927584039,0,1,0.0
1002,7.4,1.7,59.02759885219493,0,0,0.0
1003,8.3,1.8,59.02759885219493,1,0,3510219.5335949003
1004,7.6,2.2,57.41305449705894,0,0,824.9287746315716
1005,7.9,1.8,57.41305449705894,0,1,-428.10067159864985
1006,7.4,2.1,52.00060911982186,1,1,13918549.678848699
1007,6.9,2.2,52.00060911982186,0,1,929883.1770512277
1008,7.1,1.7,56.458637794756264,0,0,-661.1100816249156
1038,13.7,2.8,41.797650711635036,0,0,237905.8011602238
1039,11.1,3.0,41.797650711635036,1,0,2905.439082477857
1040,11.2,2.7,41.76026413774352,0,0,296482.8873003797
1041,11.2,2.4,41.76026413774352,1,1,743.6363479300546
1042,9.2,2.3,36.82289378616361,0,1,-627.2435363684475
1043,9.4,2.1,36.82289378616361,0,0,2645980.67863283
1044,9.8,2.4,42.159524778437806,1,1,126512864.18744475
1045,9.1,2.6,42.159524778437806,0,0,-1624.475881877147
1046,9.4,2.4,42.65021385696375,1,0,-283.9543022562998
1047,8.9,1.4,42.65021385696375,0,1,121289.00379292622
1048,8.1,1.8,42.969159953190925,0,1,70801.74394680154
1049,7.7,2.2,42.969159953190925,1,1,1545.5635076576666
1050,7.5,2.5,41.069473727636115,0,1,562.6260966537037
1051,7.7,2.3,41.069473727636115,0,1,952342.7934962095
1052,9.0,2.3,25.908925301439695,1,1,729780.061413318
1053,8.9,1.7,25.908925301439695,0,1,-889.4732584214014
1054,9.1,1.0,45.96524588695888,0,0,1609645.8453972763
1055,8.8,1.7,45.96524588695888,1,1,457801.7417874911
1056,8.6,2.1,40.26764346364058,0,1,16066798.124897696
1057,7.0,1.8,40.26764346364058,0,1,261197.59725771367
1058,8.2,1.7,40.18116746237339,0,1,-163.20595853913042
1059,8.3,1.8,40.18116746237339,0,1,6026.639484399828
1060,7.6,2.2,38.229372889822244,0,1,-542.3134155863052
1061,8.3,1.8,38.229372889822244,0,0,4978109.532949304
1062,7.1,2.1,38.02303038569077,0,1,339953.20596393093
1063,7.3,2.2,38.02303038569077,1,1,106.09206484032961
1064,8.9,1.7,41.885044942160285,0,0,330.7819009665465
1066,14.3,2.8,54.300456878868374,0,0,307903.8789903011
1067,14.1,3.0,54.300456878868374,1,0,149900.2400429945
1068,12.8,2.7,47.203840790584195,0,0,187.96221858512723
1069,11.8,2.4,47.203840790584195,1,1,-66.68448282926829
1070,11.5,2.3,50.83583340930249,1,1,1221847.340138857
1071,11.9,2.1,50.83583340930249,0,0,-356.16959533939473
1072,11.2,2.4,48.96863143973761,1,0,25696712.886892304
1073,11.1,2.6,48.96863143973761,0,0,-797.7077159472952
1074,10.0,2.4,56.16598792923811,0,0,573161.7683122151
1075,9.4,1.4,56.16598792923811,1,0,949.1259442451612
1076,9.7,1.8,49.796345853874925,0,0,75.0717464831158
1077,8.5,2.2,49.796345853874925,1,0,50.260244636423536
1078,8.0,2.5,43.15961975268775,0,0,-100.04955005855957
1079,9.7,2.3,43.15961975268775,1,1,360.6096959589744
1080,10.3,2.3,43.55249804158847,0,1,454082.1347395904
1081,9.4,1.7,43.55249804158847,1,0,-515.5882214817142
1082,9.3,1.0,51.41402501920306,0,1,772146.2283096999
1083,9.3,1.7,51.41402501920306,1,0,534644.2964505893
1084,7.8,2.1,48.77446084015888,0,0,-178.33352137143333
1085,7.8,1.8,48.77446084015888,0,0,331740.8328607
1086,7.7,1.7,55.15832097951186,0,0,2968144.8028805177
1087,8.6,1.8,55.15832097951186,1,0,-142.03122012266985
1088,7.4,2.2,53.909955783256834,1,0,355990.5050481
1089,7.4,1.8,53.909955783256834,0,0,-23.086072440499976
1090,8.0,2.1,44.75285884530541,0,0,650655.0275647221
1091,7.1,2.2,44.75285884530541,1,0,478384.5211893946
1092,8.2,1.7,50.63342020061933,0,0,-136.6641317457714
1094,8.4,2.8,38.72883933689765,0,0,346472.4621205415
1095,9.1,3.0,38.72883933689765,1,0,-192.5082013501111
1096,10.5,2.7,29.92608612259307,0,0,0.0
1097,10.7,2.4,29.92608612259307,1,1,0.0
1098,11.2,2.3,26.158226033289182,0,0,731745.1820302
1099,10.1,2.1,26.158226033289182,0,0,-192.56452158689473
1100,9.9,2.4,23.278823333472122,1,1,34907043.12162155
1101,9.5,2.6,23.278823333472122,0,1,-477.43176258634014
1102,9.1,2.4,29.54800558490979,0,0,135086.2684441927
1103,9.0,1.4,29.54800558490979,0,0,850185.18070467
1104,8.8,1.8,28.086778143842857,0,1,-60.73053386485214
1105,8.4,2.2,28.086778143842857,0,0,115335.52206093
1106,7.8,2.5,11.211637205612785,0,0,54.34172764157894
1107,7.5,2.3,11.211637205612785,0,1,-60.71800127220278
1108,8.7,2.3,27.10276748388981,0,0,305163.46221012
1109,8.8,1.7,27.10276748388981,0,0,-234.7411247770154
1110,8.4,1.0,37.84114890725042,0,0,866575.8288902
1111,9.2,1.7,37.84114890725042,0,0,-192.57240642004444
1112,10.1,2.1,37.85307696803226,0,0,1287518.55301193
1113,8.9,1.8,37.85307696803226,0,1,250146.42552298246
1114,6.7,1.7,38.804200381335434,0,1,296265.656773046
1115,6.5,1.8,38.804200381335434,0,1,0.0
1116,8.1,2.2,32.7503539820958,0,1,192248.20745854275
1117,8.2,1.8,32.7503539820958,0,0,50533.2196773298
1118,8.8,2.1,34.78300471495928,1,1,731719.7980557521
1119,10.0,2.2,34.78300471495928,1,1,1458115.7111605275
1120,9.9,1.7,22.500035830038676,0,0,-103.03415029881664
1262,4.6,2.8,46.59421420768128,0,0,-235.80904257148384
1263,4.1,3.0,46.59421420768128,0,0,278863.44564143615
1264,4.4,2.7,32.5948348291756,0,1,-337.2639221402625
1265,3.8,2.4,32.5948348291756,0,1,1081662.1009673001
1266,5.1,2.3,32.881984632762055,0,1,227960.98870957096
1267,4.4,2.1,32.881984632762055,0,0,-162.92979019157144
1268,5.1,2.4,18.342708722994292,1,1,26968608.68566921
1269,5.7,2.6,18.342708722994292,0,1,-365.63004777533956
1270,5.0,2.4,32.32469867483519,0,0,927977.5386755387
1271,4.7,1.4,32.32469867483519,0,0,2365506.0349365664
1272,4.2,1.8,24.35050883911242,0,1,-102.76913228149924
1273,5.1,2.2,24.35050883911242,0,1,320835.6854880204
1274,5.0,2.5,44.54184207120726,0,1,62.99166180810934
1275,4.5,2.3,44.54184207120726,0,1,148.85159297840173
1276,4.7,2.3,0.0,0,1,171565.19380000044
1277,5.3,1.7,0.0,0,1,-278.4941653838854
1278,5.3,1.0,32.03198041262614,0,0,1304.3700144
1279,4.4,1.7,32.03198041262614,0,1,-163.0100192996
1280,4.1,2.1,23.296232551883033,0,1,3581072.6275916
1281,4.2,1.8,23.296232551883033,0,1,-168.9185201694151
1282,4.2,1.7,31.03433870832985,1,1,0.0
1283,5.1,1.8,31.03433870832985,1,1,0.0
1284,5.5,2.2,0.0,0,1,162883.2055482
1285,4.5,1.8,0.0,0,1,158622.61223294
1286,4.7,2.1,25.951455491079127,0,1,93880.09405320001
1287,5.3,2.2,25.951455491079127,0,1,4066400.5039575505
1288,5.5,1.7,25.832416812231784,0,0,-475.5755171120344
1290,16.1,2.8,50.60278527756456,1,0,0.0
1291,16.1,3.0,50.60278527756456,1,0,13747119.979034701
1292,14.4,2.7,46.93792511570598,0,1,350081.88656110974
1293,14.5,2.4,46.93792511570598,1,0,-112.0602378202
1294,15.8,2.3,44.0544054836043,0,0,-238.13664741235002
1295,14.8,2.1,44.0544054836043,1,0,0.0
1296,11.8,2.4,41.88517430451756,1,1,115604520.5462763
1297,13.6,2.6,41.88517430451756,0,1,-824.8398689743867
1298,13.6,2.4,44.78838674360997,1,1,562119.1175160947
1299,13.1,1.4,44.78838674360997,0,1,-746.8470796178593
1300,13.2,1.8,40.1280222124949,1,1,0.0
1301,11.4,2.2,40.1280222124949,0,1,4359842.432214701
1302,12.5,2.5,38.850206615593734,0,1,-238.24275585872678
1303,13.1,2.3,38.850206615593734,1,1,0.0
1304,13.0,2.3,40.801581629274416,0,1,6432667.6773247
1305,12.6,1.7,40.801581629274416,1,1,-238.24695101202593
1306,10.7,1.0,45.78373313963126,0,0,0.0
1307,11.1,1.7,45.78373313963126,1,1,357145.4071747
1308,11.1,2.1,45.556181655249404,0,1,25051277.387353484
1309,11.7,1.8,45.556181655249404,1,1,-588.0637437627136
1310,10.9,1.7,48.37667520693733,0,1,0.0
1311,11.0,1.8,48.37667520693733,1,1,0.0
1312,10.0,2.2,44.72697693594627,0,0,0.0
1313,12.1,1.8,44.72697693594627,0,1,7762035.561331599
1314,12.9,2.1,34.70314376374733,1,1,-588.0329970705757
1315,12.0,2.2,34.70314376374733,1,1,4860179.5603447
1316,10.3,1.7,39.182167990582705,1,0,-238.24409609532844
1318,12.4,2.8,61.23125257441914,0,1,5129879.730904519
1319,11.7,3.0,61.23125257441914,0,0,476757.2737446459
1320,12.8,2.7,52.12318870571778,1,0,-1289.1537642103638
1321,12.4,2.4,52.12318870571778,0,1,-545.9954569878572
1322,12.4,2.3,52.6043113879801,1,1,1542154.6458379
1323,11.1,2.1,52.6043113879801,0,0,5124.6884953955
1324,11.7,2.4,52.32572614604555,1,0,1052470.416229902
1325,11.3,2.6,52.32572614604555,0,0,-899.4995147505128
1326,9.9,2.4,54.297467063520656,0,0,-791.8447972148948
1327,10.0,1.4,54.297467063520656,0,0,2631.836138355
1328,10.4,1.8,48.954571222638485,0,0,219925.06285304998
1329,11.1,2.2,48.954571222638485,0,0,197759.0830459456
1330,9.0,2.5,50.40537207044833,1,1,2688746.3139773738
1331,8.3,2.3,50.40537207044833,0,1,222.41039832309514
1332,9.7,2.3,45.942596752491916,0,0,580797.883505967
1333,8.3,1.7,45.942596752491916,0,0,-1161.9835486420125
1334,8.4,1.0,54.462546286303734,1,1,0.0
1335,7.0,1.7,54.462546286303734,1,0,918420.5021788001
1336,6.9,2.1,48.91732523856876,0,0,-10.425603575830669
1337,8.2,1.8,48.91732523856876,0,0,166453.72576671568
1338,8.2,1.7,52.35827269717013,0,0,-158.61963743928573
1339,5.2,1.8,52.35827269717013,1,0,2812516.055296238
1340,5.5,2.2,45.79790183519117,0,0,8699550.376579141
1341,6.7,1.8,45.79790183519117,0,0,-784.7210458778466
1342,5.5,2.1,45.61125034267816,1,0,7461054.3973161
1343,5.1,2.2,45.61125034267816,0,0,10922743.803359423
1344,6.5,1.7,51.30861126029207,0,0,858540.6284685858
1346,15.9,2.8,33.8601056660206,0,1,-467.69465049954954
1347,14.8,3.0,33.8601056660206,0,0,229132.0911189945
1348,13.9,2.7,12.239072837539819,1,0,230.88497865024084
1349,12.4,2.4,12.239072837539819,0,0,647672.8359413876
1350,11.1,2.3,8.294309049553487,0,1,430297.1892028026
1351,12.4,2.1,8.294309049553487,0,0,-267.1590195299855
1352,12.4,2.4,18.757415429612053,1,1,39895855.73973382
1353,12.2,2.6,18.757415429612053,0,0,-773.2276075061928
1354,10.5,2.4,33.88056977264601,1,0,-208.53937145335001
1355,10.3,1.4,33.88056977264601,0,0,7130221.9390328005
1356,10.5,1.8,41.99258372410124,0,0,-353.1480553064548
1357,10.6,2.2,41.99258372410124,0,0,398.539308235
1358,10.3,2.5,41.97175542475699,0,0,1276984.4756536498
1359,10.8,2.3,41.97175542475699,0,1,2175175.8706005253
1360,10.7,2.3,33.04712187867898,0,1,-282.4284648490949
1361,10.3,1.7,33.04712187867898,0,1,533.7692524031538
1362,11.2,1.0,55.03496489901297,0,0,-113.58859890727274
1363,9.7,1.7,55.03496489901297,0,0,-9663.031905488462
1364,8.4,2.1,59.912778278454645,0,0,-380.44274261928484
1365,9.8,1.8,59.912778278454645,0,0,166706.3109467
1366,7.8,1.7,55.26391253288665,0,0,4089526.1101319166
1367,9.1,1.8,55.26391253288665,1,1,1902040.1997365789
1368,8.9,2.2,64.83829655175428,1,1,886.8263457568181
1369,7.7,1.8,64.83829655175428,0,0,-377.6850578704338
1370,7.7,2.1,58.33066604843328,1,0,1747448.7698525
1371,7.8,2.2,58.33066604843328,1,0,1483549.7382574663
1372,7.3,1.7,67.5437525036611,0,0,-586.0956807512607
1402,5.4,2.8,36.628290871529344,0,0,2222066.8288442697
1403,4.5,3.0,36.628290871529344,0,0,629558.2618378915
1404,3.8,2.7,57.670566176675344,0,0,200927.18028163427
1405,3.9,2.4,57.670566176675344,0,0,-201.61853514450002
1406,3.4,2.3,75.08294984338141,0,1,1209462.0517729
1407,3.1,2.1,75.08294984338141,0,0,-150.87687634898816
1408,2.5,2.4,73.41538500640168,0,0,1557073.3253715273
1409,3.5,2.6,73.41538500640168,0,0,-495.4891033854286
1410,3.2,2.4,53.46831367633824,0,0,-676.6393829848075
1411,3.1,1.4,53.46831367633824,0,0,-314.4972095784
1412,2.9,1.8,45.91468361970688,0,0,293280.73330759996
1413,2.7,2.2,45.91468361970688,0,0,410.3617524135343
1414,2.8,2.5,29.339073395650583,0,0,2542734.029320457
1415,3.4,2.3,29.339073395650583,0,0,-190.65868861614427
1416,2.5,2.3,32.44425564699333,0,1,-182.7940770580645
1417,3.0,1.7,32.44425564699333,0,1,-314.5698585064615
1418,3.0,1.0,48.1185000594817,0,1,0.0
1419,2.7,1.7,48.1185000594817,0,0,759468.680487
1420,3.1,2.1,57.44973424932698,0,0,0.0
1421,2.7,1.8,57.44973424932698,0,0,219469.3964211023
1422,2.5,1.7,66.52962698909593,0,0,-314.3622901405714
1423,2.6,1.8,66.52962698909593,0,1,0.0
1424,2.5,2.2,64.10278587896954,0,1,875177.4200479999
1425,2.5,1.8,64.10278587896954,0,1,-314.69882058540094
1426,3.0,2.1,60.34679599726951,0,1,0.0
1427,2.6,2.2,60.34679599726951,0,1,0.0
1428,2.7,1.7,80.95501493467964,0,0,1133008.4657384
